la ceremonia,ceremony
sencillo,simple
el esfuerzo,effort
el volumen,volume
el me'todo,method
la preocupacio'n,worry
el embajador,ambassador
la estampilla,stamp (n)
definir,to define
an~adir,to add
el hipo'dromo,racetrack (horses)
el impuesto/;la tasa,tax (2)
el riesgo,risk
el elemento,element
la psicologi'a,psychology
alrededor,around
la pista,"track, trail,clue"
la columna,the column
el pantano,swamp (noun)
entre la espada y la pared,between a rock and a hard place (sword/wall)
la belleza,beauty
enanito-a,dwarf
la red,"net, network"
considerar,to consider
dispnible (dis-poh-knee-bleh),available
la revista,magazine
aplicar,to apply
recuperar,to recover
conde -esa,count (nobility)
la realidad,reality
el proceso,the process
el rumbo,course / direction
el curso,course / year
la ausencia,absence
evitar,to avoid
levantar,to lift
morir / muriendo,to die / dying
alcanzar,to reach / to catch up to
establecer,to establish
crear,to create
mantener,to support / maintain
la manga,sleeve
suelta la sopa,spill the beans
"la sigla, siglas de",acronym (of)
manchar,to stain
impedir,"to prevent, to hinder"
la feria,the fair
la patria,homeland
el tiradero,landfill / dump
el palacio,palace
la velocidad,velocity / speed
la cadena,chain (n)
por ejemplo,for example
el bufete,law office
la nuera,daughter in law
el yerno,son in law
el guardaespaldas,bodyguard
tiempo sin verte,long time no see
la estafa,swindle / fraud
el fraude,fraud
hogar dulce hogar,home sweet home
queso suizo derretido,melted swiss cheese
el sicario (see-kar-yo),hitman
"Aunque la mona se vista de ceda, mona se queda",You can't put lipstick on a pig
hechicera,"enchanter, witch"
el tiempo vale oro,time is money
lamentar,to regret
quedate con el cambio,keep the change
la cura,cure
el psic'opata,psychopath
inquilino,tenant
el reino,kingdom
el secreto,secret
aun cuando,even when
la fuente,fountain / source
la campana/;el timbre,bell (2)
la paradoja,paradox
engan~ar,to deceive
no te engan~es,don't kid yourself
el atau'd,coffin
terco,stubborn
salvaje,savage
la momia,mummy
el manicomio,insane asylum
mostrar,to show
la embajada,embassy
la avalancha,avalanche
chocar,collide / crash
poderosa,powerful
el rompecabezas,puzzle
tradicional,traditional
reciente,recent
distinto,distinct / different
capaz,capable
u'til,useful
ricacho'n,super rich / sugardaddy
bilingu:e,bilingual
el atleta,athelete
el cocinero,the cook
el carpintero,carpenter
el granjero /;el camapesino,farmer (2)
la rasuradora,shaver
el calceti'n,sock
el pri'ncipe,prince
pri'ncipe azul,prince charming
el pintor,painter
el panadero,baker
el sacerdote / el cura,priest (2)
el refrigerador,refrigerator
autor-ora,author
el so'tano,basement
el soldado,soldier
la higiene (ee-he-ye-ne),hygiene
la secadora,dryer
la lavadora,washer / washing machine
el pan~al,diaper
el escritorio,desk
por las buenas o por las malas,the easy way or the hard way
la cuna,crib
el gesto,gesture (noun)
la esponja,sponge (noun)
sarte'n,frying-pan
usar / utilizar,(2);to use
"cubrir, tapar (w/lid)",(2);to cover
la cortina,curtain
la sugerencia; (sue-her-en-seeya),suggestion
hacer una tormenta en un vaso de agua,make a mountain of a molehill
acerca,about
segu'n,according to
durante,during
hacia,toward
los dientes de leche,baby teeth
esta's despedido,you are fired!
las tijeras,scissors
el bache,pothole
el gis (hees),chalk
lujoso,luxurious
talo'n de Aquiles,Achilles heel
la sonrisa,smile (noun)
risa fingida,fake laugh
el verbo,verb
el sustantivo,noun
el complido,a compliment
la ma'scara / el antifaz,(2);mask (noun)
la llave,key / faucet
llave inglesa,monkey wrench
retirarse,to retire
cuyo -a,whose
la charola,tray / platter
condena a perpetuidad,life sentence
el bosque,woods / forest
titulares,headlines
delincuente / criminal,(2);criminal
el bolsillo,pocket
te lo adverti,I warned you
rencor,bitterness / hatred
la burbuja; (bore-boo-ha),bubble
el padrino,godfather
parar,to stop
el oficio,job / trade
la contrasen~a,password
el obsta'culo,obstacle
piel gruesa (grow-sa),thick skin
oveja negra,black sheep
sensible,sensitive
la colina,hill
el claxo'n,horn (auto)
el cuerno,horn (devil)
la selva,jungle
quejarse,to complain
por si acaso,just in case
la esperanza,hope (noun)
la serpiente /;la vi'bora,(2);snake
te debo una,I owe you one
dividir 4 entre 2,divide 4 by 2
multiplicar 4 por 2,multiply 4 by 2
el caracol,snail
an~adir 4 a 2,add 4 and 2
restar 2 de 4,subtract 2 from 4
infiltrado,infiltrator / mole
malentendido,misunderstanding
el castigo,punishment
el taller,workshop
tengo envenenamiento por comida,I have food poisoning
cazador(a),hunter
apurate/andale!,(2);hurry up!/come on
parrillada,mixed grill
Ninguno de nosotros ...,None of us ...
Nunca me canso de ...,I never tire of ...
la bendicio'n,blessing
el rostro /; la cara,(2);the face
la espalda,the back (body part)
la docena,dozen
la prueba,test / proof
el pre'stamo,loan (noun)
obtuso,obtuse / stupid
el dinosaurio;(dee-noh-saoo-rio),dinosaur
liberal,liberal
conservador,conservitive
retirar,to retire
quiero retirarme en …,I want to retire in …
la bancarrota/;la quiebra,(2);bankruptcy
la filosofia,philosophy
la zanahoria,carrot
el apodo,nickname
el ra'bano,radish
el pepino,cucumber
la mancha,stain / spot
la bala,bullet
el plomo,lead
hallazgo,discovery / findings
el espi'a,spy (noun)
registro/certificado de nacimiento,(2);birth certificate
man~oso,crafty / devilish
aplastar,to crush
dar de alta,to discharge / release
adema's,moreover/ besides
mocoso-a,brat
la deuda,debt
estafador -ora,swindler
precisamente,precisely
despreciar,to despise
inu'til,useless
la estrategia,strategy
el chantaje,blackmail (noun)
no digas eso,don't say that
punto flaco,weak point
el conocimiento,knowledge
la cuenta,account / bill
a lo ma's,at most / at worst
el masaje,massage
la ventana,window
abril,april
estudiar,to study
triste,sad
la chaqueta,jacket
el corazo'n,heart
el roce;(raw-say),rubbing/soft touch/graze/feel;(noun)
con ellos,with them
el estilo/la moda,style / fashion
el plato,plate
el promedio,average
la tesis,thesis
la servilleta,napkin
el pais (state);el campo (country side),(2);country
desaparecer,to disappear
el aguacate,avocado
la ira,anger
fuegos artificiales,fireworks
moderno-a,modern
callejero-a,bum / stray
la vergu:enza,shame / guilt
caer bien/mal,to like/dislike
la tienda,the store
la cruz,cross (noun)
ha tenido que trabajar,she had to work
adentro,inside
afuera,outside
invierno,winter
algo asi,something like that
vaci'o,empty
la torre,tower
sendero de tierra,dirt path / track
lejos,far away
cerca,close
has visto?,have you seen?
la mariposa,butterfly
astronauta,astronaut
la libreria,bookstore
pastel/tarta de queso,cheesecake
preferir,to prefer
rapido,quickly
olvidar,to forget
la corbata,necktie
mentiroso-a,liar
justicia divina,divine justice
como puede ser?,how can that/it be?
construir,to build
el golpe,blow/knock/bump
privilegio,privilege
la escalera,stairs
volar/volando,to fly/flying
la arena,sand
los pantalones,trousers
soltero-a,single
tengo hambre,I'm hungry
la cuadra,block (of houses/city)
las pantuflas,slippers
el duen~o,owner
por que' no me crees?,why don't you believe me?
el desayuno,breakfast
seguir / siguiendo,to follow / following
sentar,to sit
maravillosa,marvelous
el envi'o,delivery
la sala de espera,the waiting room
poner,to put
el recibo,receipt
el pelo / el cabello,(2);hair
el tiburo'n,shark
tanto-a,so much
el cun~ado-a,brother-in-law;sister-in-law
la ala,wing
el postre,dessert
a lo hecho pecho,what's done is done
la boda,wedding
invitados de honor,guests of honor
el anillo;(ah-knee-yo),ring
ado'nde va?,where are you going?
manejar (mah-nay-har);conducir (con-doo-seehr),(2);to drive
limpio,clean
la moneda,coin/currency
reir;(rayer),to laugh
encantar/amar,(2);to love
la mirada,a look/glance
el cinturo'n,belt
ganar,to win / to earn
crema solar,suntan/sunblock lotion
tengo suerte,I'm lucky
las afueras,outskirts/suburbs
el camerino;(kama-ree-no),dressing room
comenzar / empezar,(2);to begin/start
las cejas,eyebrows
la guerra,war
el engan~o,deception/illusion
no vale/merece la pena,(2);it's not worth it
primeros auxilios,first aid
la verdad dueles,the truth hurts
varita de virtud/;varita ma'gica,magic wand
es por tu bien,it's for your own good
reencarnacio'n,reincarnation
te lo prometo,I promise
la llamada,phone call/knock/ring
Londres,London
decisivo-a,decisive
cre'ame,believe me
defender,to defend
entrenar,to train/practice
la bu'squeda,the search (noun)
el desafi'o,challenge (noun)
damas y caballeros,ladies and gentlemen
el subti'tulo;(soob-teet-oh-loh),subtitle
la rubia,blonde
sonarse la nariz,to blow one's nose
vino tinto,red wine
alquilar / el alquiler,rent (verb & noun)
carin~o,darling
grabar,to record/engrave
ordenar,"to arrange, tidy"
el trabalenguas,tongue-twister
la consecuencia,consequence
el bigote,mustache
rico,rich
pla'tano,banana
la barbacoa,barbecue (BBQ)
ma's vale man~a que fuerza,brain is better than brawn
cuando llego' / llegaste,(2) [form & inf];when did you arrive?
gastar,to spend
el tren,train
sur,south
me ha dicho,s/he has told me
la pesadilla,nightmare
el carnero,sheep
la vaca,cow
la la'mpara,lamp
grosero-a,rude / crude
do'nde/cuando nos encontraremos?,when/where shall we meet?
el tenedor,fork
la pelota,ball
el elefante,elephant
basta!,enough/stop/halt
buscar,to look for/to seek/;to pick up
desafortunadamente;desgraciadamente,(2);unfortunately
el porcentage,percentage
preguntar,to ask
la tapa,top/lid/cover
cibernauta;(see-behr-no-tah),internet user
la ciudad,city
el bistec,steak
confiar,to trust
el horno,oven/baked/roasted
el popote;(poh-poh-tay),drinking straw
la man~a,skill
el cuaderno,notebook
el juego / el partido,(2);game / match
la mano,hand
bajar,to take down / to turn down
el bote,tin/jar/boat/bottle/container
la cuchara,spoon
el aparcamiento,parking
encender (for)/;prender (inf),(2);to turn on / to light
estrecho,narrow / tight
el puente,bridge
la gripa,flu
traicionar,to betray
el canario,canary bird
azul,blue
las letras,lyrics
anhelar,to long for
te quiero a mi lado,I want you by my side
brotar,to sprout / to appear
la espuma,foam
puro-a,pure (adj.)
vender,to sell
hervir,to boil
plegar,to fold
la garganta,throat
flojo,loose / weak
la tarea,homework / task
desnuda,naked
estar a punto de ...,to be about to do ...
hace mal tiempo,it is bad weather
el cuello;(koo-way-yo),neck / collar
estas muy equivoca,you're very wrong
la estacio'n (year)/;la temporada (sport/activity),(2);season
delante,infront
detra's,behind
este,east
el rinco'n / la esquina,(2);corner (room/street)
conseguir,to get / obtain / achieve
cocinar/cocer,(2);to cook
[el] helado,ice cream (noun);frozen (adj)
al tanteo,hit or miss
el barco,boat
velero,sailboat
escoger,to choose
tratar de / intentar,(2);to try / attempt
desviar,to divert
traer,to bring
la camiseta;(kah-mee-sehtah),t-shirt
[yo] no te vi (vee),I did not see you
renacer,to be reborn
la sa'bana,bed sheet
los ingresos,income
la carta,"letter;(as in ""to send a _"")"
[yo] debo irme ahora,I should leave now
hasta,until
borracho-a,drunk
sobrio-a,sober
quedas despedido,you're fired
medias de seda,silk stockings
saltar a,to appear
la actitud,attitude
desagradar,to dislike
la camisa,shirt
convertir,to convert/to become
amenaza de muerte,death threat
la ma'quina;(mah-key-nah),machine
antiguo;(ahn-tee-go),old/ ancient;old-fashioned
apuntar,to note down;to point
el ajo,garlic
facilitar,to make easier;to facilitate
la empresa,company/enterprise
el cielo,"sky, heaven"
el cuchillo,knife
vecino,neighbor
pobre,poor
manzana,apple
la lluvia,rain
catorce,fourteen
sordo,deaf
molestar,to bother / to disturb
el cocodrilo,crocodile
oeste,west
probar,to test / to try out
ancho,"wide (door, road, river)"
amplio,"wide,spacious"
la cita,appointment / date
la ca'rcel,jail
tocar,to play (e.g. guitar)
la pluma,fountain pen /;feather
perdonar,to forgive
empujar,to push
negro,black
la estrella,star
el dia menos pensado,when least expected
montar / montando,to ride / riding
una pareja,a couple (relation)
ensen~ar,to teach
la fresa,strawberry
once,eleven
simpa'tico-a / agradable,nice/likeable/friendly
acordar,to agree on
que me parta un rayo,to be doomed/to go to hell;[lit. get struck by lightning]
doce,twelve
el durazno,peach
el relato,story / report
conocido-a,acquaintance (noun); famous/well-known (adj.)
correr / corriendo,to run / running
sinceramente,sincerely / frankly
jurar,to pledge / swear
obvio,obvious
una vez por semana,once a week
te voy a extran~ar muchisimo,I will miss you very much
corto,short
los muebles,furniture
merendar,to snack
pimienta / pimiento,pepper (spice/veg.)
por alli,that way
de (la) cintura para abajo/arriba,from the waist down/up
al fiado / a plazo,(2);on credit
el llavero,keychain / keyring
serio / grave,(2);serious (person/situation)
la manta / la cobija,(2);blanket
bastante,quite/enough;(adj & adv)
desde ahora,from now on
un desorden,a mess
"previo, -a","previous, former"
me saca de quicio,it gets on my nerve
colocar,to place (position)
la pierna,leg
proteger,to protect
la tormenta,storm
la calidad,quality
conservar,to conserve / preserve
reservar,to reserve
la venganza,revenge / vengeance
inquietar,to worry
por lo tanto / por eso,(2);therefore
ir,to go
el brazo,arm
poco profundo,shallow (lit. & fig.)
trece,thirteen
querer,to want
la fiebre,fever
a propo'sito,by the way
rojo,red
la piscina,swimming pool
el cangrejo,crab
entre,between
firmar,to sign
casi / apenas,(2);hardly / scarcely
gracioso / divertido /;chistoso,(3);funny
la taquilla,box office
puesto-a,post/position/place/job
el marco,frame / goal posts
el abrigo,coat
la jirafa,giraffe
por menudo,in detail
paraguas / sombrilla,(2);umbrella
la almohada,pillow
presentar,to hand in / to show /;to present
catorce,fourteen
perder,to lose
payaso-a,clown
vino blanco,white wine
la semana entrante/pro'xima,(2);next week
la cima,"top / peak;(mountain, career)"
uno por uno,one by one
ninguno-a,none/not one/no/neither
a toda prisa,as quickly as possible
unos pocos,a few
las joyas,jewelry
aprender,to learn
la palabra,word
noveno,nineth
azu'cer,sugar
donde estabas,where were you
el tramposo-a,cheater
huevos revueltos,scrambled eggs
compan~ero de trabajo,co-worker
la cerreza,cherry
dia de descanso,days off
el anhelo,longing
el hombro,shoulder
la botana,snack
blanco,white
donde no,otherwise
[no] estoy de acuerdo,I [don't] agree
entregar,to deliver / to present
desechar,to throw out / discard /;reject
derrumbar,to demolish / destroy /;collapse
el barrio,neighborhood / district
profundo / hondo-a,(2);deep (fig. & lit)
el collar,necklace
la llave,key / faucet
saltar a la luz,to come to light
el quicio,doorjamb
justo-a,just/fair
las paredes oyen,the walls have ears
mandar,to order / to send / to rule
la bruja,witch
a cada rato,all the time
ordenado,tidy / organized
la sandia,watermellon
hacer pinta,to play hookey
pasta de dientes,toothpase
el clavo,nail (hammer & _)
escondidas / oculto,(2);hidden
jale,pull
el almuerzo,lunch
el globo,balloon
suave,soft
inolvidable,unforgettable
la herida,wound / injury
calvo / pelo'n,bald (no hair)
se'ptimo,seventh
cobarde,coward[ly]
el venado,deer
el orgullo,pride
viuda,widow
anaranjado,orange (color)
la galleta,cookie / biscuit
el camino,road / path / way / journey
la localidad,town / locality/; ticket (box office)
la plata,silver
sucio,dirty
la roca,rock
apostar / apostando,to bet / betting
enojado,angry
egoista,selfish
sobre mi cada'ver,over my dead body
el techo/el tejado,(2);roof / ceiling
el pecho / la pechuga,chest / breast
castigar,to punish/penalize
descansar,to rest
el rato'n,mouse
apagar,to turn off
deja de hacer eso!,stop doing that!
las uvas,grapes
paso a paso,step by step
el manantial,spring (water)/;source (fig.)
frente a frente,face to face
la biblioteca,library
hundir,to sink
amarillo,yellow
desvelar,to reveal/;to keep awake
quisiera pedir ...,I wish (would like) to order ...
contra,against
naranja,orange (fruit)
ir para atra's/adelante,to go back/forward
siga me,follow me
el la'piz,pencil
la amistad,friendship
zorra,slut/skank;(lit. female fox)
la enfermera-o,nurse
el diccionario,dictionary
la farmacia,pharmacy
colgar / colgando,to hang / hanging
tirar,to throw/drop/shoot/fire/;play/take(goal)/flunk
la cadera,"hip (noun, body part)"
norte,north
exprimir,to squeeze
desde hace dos an~os,since two years ago
pedir,to ask for / to order / to request
mensual,monthly / per month
esto es una pesadilla,this is a nightmare
la tapadura,tooth filling
baja la radio,turn down the radio
relacionar,to connect/link
a lo menos,at least
mayo,may
como siempre,like always
insensato-a,senseless / foolish
asi y todo,in spite of
mal aliento,bad breath
el espejo,mirror
tonto-a/estu'pido-a/idiota,silly/stupid/idiot
saltar/saltando,to jump/jumping
entre las dos y las cuatro de la tarde,between 2 and 4 in the afternoon
despacio,slowly
el arroz,rice
los frijoles,beans
que quiere decir esta palabra?,what does that word mean?
cumplir su palabra,to keep one's word
ahijado-a;(aye-hado),godson
antes,before
despue's,after
primavera,spring
escapar,to run away / escape
rascar,to scratch
el pasillo,corridor/hallway
"oir;oigo,oyes,oye,oimos,-,oyen",to hear
olvidadizo-a,forgetful
la gorra,cap
valorizar,to value [someone]
las notas,marks / grades;(school)
la nuez,walnut
yo en tu lugar,If I were you/;If I was in your place
la tentacio'n,temptation
nadie;(nah-deh-yeh),nobody
corregir,to correct
chismoso-a,gossip/gossipy
noticia de u'ltima hora,newsflash
secar,to dry
el compromiso,commitment/engagement
el delito,crime/offense
quedar impune,to go unpunished
funcionar;(foon-sion-ahr),to function
no funciona,out of order (broken)
quince,fifteen
quien,who/whom
residir;(reh-see-deer),to reside
la temporada alta,the high season (tourism)
insoportable,unbearable/intolerable
municipio;(moo-nee-see-pee-yoh),municipality/town
la razo'n por la que...,reason why...
mientras,while (conjunction)
emigrar,to emigrate/migrate
pasar,to pass/to spend/;to go through (red light)
el caso,the case/situation
la orilla,shore/bank/edge
aprovechar,to make the most of/;to take advanatage of
ma's vale tarde que nunca,better late than never
octavo,eighth
quiza's,perhaps
la espada,sword
pegar,to stick/glue/hit
el suspiro,sigh (noun)/;hissing of wind
tener cosquillas,to be ticklish
depender,to depend
la cartera,wallet/briefcase/portfolio
en voz baja,whispering
la barba,beard
pendiente,outstanding/unresolved
el ordenador/computador-a,(2);computer
colar,to strain (pasta)/to push in (cut-in-line)/;to gatecrash
el sender,path
estallar,to explode/burst/breakout
la sombra,shadow
la pantalla,"screen (comp., movie, etc.)"
he tenido que venir solo,I had to come alone
la etapa,stage/phase;(NOT theatre)
acordarse,to remember to do something
la pera,pear
doblar,to turn/bend/fold/double
la plancha,iron/grill
hace poco,recently/just now
la pregunta,question
la respuesta,answer
el si'ntoma,symptom
retrasar;(reh-trah-sahr),to delay
poder,to be able to
pan tostado,toast (bread)
la manifestacio'n,demonstration (political)
raro/extran~o,(2);strange/odd/weird
atar,to tie up
encontrar,"to find/to meet;(i.e. ""I found him sleeping"")"
nu'mero equivocado,wrong number (telephone)
complicado-a,complicated
el capricho,whim
la dieta / el re'gimen,(2);diet (daily/restricted)
cuando quiera,whenever
agradar,to like (formal)
el pavo,turkey (bird)
los palomitas,popcorn
estudiante / alumno,(2);student
enviar una carta,send a letter
asi que,so/therefore/that is why
el avio'n sale a las nueve,the plane leaves at nine
las tiendas esta'n abiertas,the stores are open
el libro,book
importante,important
entrar,to enter
boto'n,button (shirt)
rezar,to pray
aumento,rise
caida,fall (adj.)
echar,to throw
por adelantado,upfront (i.e. pay upfron)
despedir,to fire / to say goodbye
tomar a pecho,to take to heart
el embrujo;(ehm-broo-ho),curse / spell
pareci'a un suen~o,it was like a dream
parecer,to seem / to look like
maldito-a,wicked / damned
veneno,poison
amargo-a,bitter
de vez en cuando,occasionally/;from time to time
echar de ver,to notice (expression)
el tapete,tablecloth
la pared,wall (internal)
fuera de [toda] duda,beyond [all] doubt
novedoso,novel / original
tener la culpa,to be guilty / at fault
el abuelo-a,grandfather / grandmother
encantado,nice to meet you
el navegador,browser (noun)
navegar,to net surf (verb)
creativo,creative
la temperatura,temperature
[yo] llegue' ayer,I arrived yesterday
timido-a,shy
la izquierda,left
derecho -a,right
la expresio'n,the expression
explicar,to explain
llamar,to call
la entrada,the entrance
la salida,the exit
regalar,to give [away]
que en paz descanse,god rest his soul/;may he rest in peace
gigante;(geeh-gah-ntay),huge/giant
sufrir,to suffer
leer / leyendo,to read / reading
jugador-ora,player
el anuncio,advertisement / commercial
el supermercado,supermarket
visitar,to visit
quie'n,who
que',what
donde,where
porque',why
co'mo,how
cu'ando,when
cua'nto,how much
luna de miel,honeymoon
el camio'n,truck
matar el tiempo,to kill time
tomar,to take / consume
adelante!,go ahead / forward
la bolsa,handbag
complacer,to please
mayor,older
menor,younger
el rio,river
cuesta abajo,downhill
saltar a la vista,to be patently obvious
no hay rosa sin espinas,there's no rose without a thorn
la nota,note (noun)
el infierno,hell
dedicar,to devote
cambiar de tema,to change the subject
pena de muerte,capital punishment
"a'brete, se'samo!",open sesame!
el proyecto,project
huelga;(wel-gah),strike (noun)
si no me equivoco,If I'm not mistaken
el juicio;(hwe-sio),judgement/trial/opinion
el cordo'n,cord/lace
el horario,schedule/hours
el mensaje,message
el mono,monkey
la madera,wood
el dedo,finger
el sobre,envelope
la vela,candle/;sail (noun)
me muero de hambre,I'm starving
el muro,wall (outside)
el pedazo,piece / bit
la caja,box
la cerradura,lock
poblado,inhabited / bushy
la pasatiempo,hobby
la reunio'n;(roon-yoon),meeting (office)
no hablamos el mismo idioma,we don't speak the same language
enojar,to get mad/;to anger
llevar,to take / wear
cuidar;(ke-you-dahr),"to take care,;look after"
de acuerdo,agreed
el zapato,shoe
cuando voy a verte de nuevo?,when will I see you again?
por aqui,this way
la muerte,death
la cabeza,head
el cacahuete;(kaka-wah-tay),peanut
creo que ...,I believe that ...
el papel,paper
ya voy,I'm coming
el deseo,desire
el sema'foro,traffic light
el ascensor,elevator
hacer pedazos,to break into pieces
en vez de / en lugar de,(2);instead of
ateo-a,atheist
el teatro,theatre
anteayer,day before yesterday
diga me,tell me
la lana,wool;(mex:money)
todo el mundo,everyone
anfitrio'n-ona,host (person & country)
auriculares;(ah-o-rick-you-la-res),headphones
el terremoto,earthquake
nervioso,nervous
consentir,to consent/to allow
la cena,dinner
ahora mismo,right away
platicar,to chat/talk
lleno [de...],full [of]/covered in
me duele el pie (pee-yay),my foot hurts
sie'ntate,sit down
nacer,to be born
largo,long
estoy perdido,I'm lost
la silla,chair
otra vez,again
odio esta peli'cula,I hate this movie
in estado interesante/;embarazada,(2);pregnant
tus deseos son o'rdenes,your wish is my command
harina,flour
mai'z,corn
las noticias,the news
la avenida,avenue
felicitacion,congratulations
trago'n-ona,greedy
llorar / llorando,to cry / crying
la botella,bottle
espiar,to spy
atraer,to attract;(attention & to like)
la emocio'n,emotion
la iglesia,church
juego sucio,foul play
no me importa,I don't mind
por todos lados,everywhere (exp.)
el labio,lip
desatar,to untie;to unleash
ladrar,to bark
echar la culpa a,to blame (exp.)
la edad,age
ver,to see
travieso-a,naughty / mischievous
feliz / alegre,(2);happy
salvar,to save / rescue
decir,to say
conte'stame!,answer me!
el juez,judge (noun)
el gol,goal (i.e. soccer)
la cebolla,onion
alcoba,bedroom / intimate
la pastilla,pill
tostar,to toast / to tan
la falda,skirt
oton~o,autumn
traducir,to translate
sano,healthy
venir,to come
desodorante,deodorant
colibri;(coh-lee-bree),humming-bird
desnudar,to undress
junio,june
llevar,to wear / have
la magia,magic
la puerta,door
fuera de si,beside oneself
el piso,the floor
amenazar,to threaten
casi nunca,hardly ever
el cuerpo,body
de'bil,weak
fuerte,strong
dolor de cabeza,headache
alguien,someone / somebody
salchicha,sausage
la un~a;(oon-ya),finger nail
sabroso / delicioso,(2);delicious
aterrado,terrified
trabar,to fasten/join;to get tangled
por un rato,for a while
mientras viva,as long as I live
resolver,to solve
cuente conmigo,count on me
el desierto,desert
vagar / vagando,to roam / roaming
gerente,manager
terminar,"to finish,end"
confi'a en mi,trust me
te lo juro,I swear
cuarto,fourth
quinto,fifth
sexto,sixth
conocer,to know/meet
escribe lo,write it down
la carne,meat
la alma,soul / spirit
ide'ntico,identical/;exactly the same
la tos,cough (noun)
toser,to cough
escribir,to write
caer / cayendo,to fall / falling
no paso nada,nothing happened
la oficina,the office
la toalla,towel
el viaje,trip (journey)
la mayoria,most / majority
echar papas,to fib/lie;(expression)
el leo'n,lion
el lago,lake
tenedor libre,all you can eat
la la'grima,tear / teardrop
medir,to measure
caminar / caminando,to walk / walking
pisar,to walk on /;to tread on
caro,expensive
barato,cheap
equipo,team
vestido,dress
dibujar,to draw
suficiente,enough (adj.)
par,"pair;(gloves, not couples)"
la sangre,blood
romper,to break
implicar,to involve / to imply
el consejo,advice
deber,to have to do something
cepillo de dientes,toothbrush
el conejo,rabbit
el camaro'n,shrimp
un nudo,a knot
prisa,hurry
carin~oso,affectionate
desear,to wish
antiguamente,in the old days
reparar / arreglar,(2);to fix / repair
el armario,closet
caber,to fit
No cabe nadie ma's,there's no room for anyone else
De eso no cabe la menor duda,There is absolutely no doubt about that
sobrevivir,to survive
la fe,faith
la soledad,loneliness / solitude
razonable,reasonable
despertar,to wake up
merecer,to deserve/;to be worthy
ciego,blind
hacer,to make / to do
silbar,to whistle
gratis / libre,(2);free
segundo,second
tercero,third
gritar / gritando,to scream / screaming
la montan~a,mountain
el rayo,ray / beam /;bolt of lightning
la manera,way / manner
el canal,"channel;(tv, strait, business)"
la puerta principa,front door
el cerdo,pig / pork
el virus;(vee-roos),virus
mejor,better
peor;(peh-yor),worse
real,real
aute'ntico,authentic
verdadero,"true/real;(as in a ""_ gentleman"")"
destapar,to open / uncover
borrar,to erase / delete
todavia,yet / still
octubre,october
noviembre,november
diciembre,december
flaco / delgado,(2);thin/skinny
el dolor,pain
mala suerte,too bad;(lit: bad luck)
sacar fotos,to take pictures
el momento ma's inoportuno,worst or most awkward moment
artes marciales,martial arts
te lo he dicho / te lo dije,(2);I've told you / I told you
occidental;(oxy-dehn-tahl),western / westerner
salir,to leave / exit
vos alta,loud voice / aloud
verano,summer
el rey,king
la reina,queen
estoy enojado,I'm angry
abusadora,abusive
la miel,honey
el polvo,dust
la escula,school
dividido,divided
juzgar,to judge
[el] limite,limit (adj & noun)
mejor que nunca,better than ever
preparar,to prepare
la'rgate,get out!
la seda,silk
la fantasma,ghost
la la'stima,pity (noun)
que la'stima,what a shame/;what a pity
precioso,"beautiful, lovely, precious"
jabo'n en polvo,laundry detergent
el oro,gold
entender,to understand
el tigre,tiger
empresario-a,employer/;businessman
la isla,island
volver la vista,to look back
dormir / durmiendo,to sleep / sleeping
matar,to kill
imaginar,to imagine
abrazo,hug
beso,kiss
un ave,bird
el nin~o,boy
la nin~a,girl
un problema a la vez,one problem at a time
pinche,damn (inf. mex.)
la tumba,grave
adicto-a,addict (noun + adj)
la chispa,spark (noun)
el idioma/;el lenguaje,language(2)
algu'n tiempo / a veces,(2);sometime
contener,to contain/;to restrain onself
el pa'rrafo,paragraph
sacar,to take out / to workout /;to remove
el pasado,the past
futuro;(foo-toh-roh),future
ven aca'/ven aqui,(2);come here!
abajo,down[stairs]
arriba,up[stairs]
campeo'n-ona,champion
el campeonato,championship
el aire; (eye-ray),air
la leche,milk
el edificio,building
la flor,flower
una vez,one time
muchas veces,many times
hasta man~ana,see you tomorrow
hasta luego,see you later
clases particulares,private lessons
la gana,desire / wish
cada dia,every day
llenar,to fill
crecer / creciendo,to grow / growing
compartir,to share
compartido-a,shared (adj.)
me da lo mismo,it's all the same to me
rallar,to grate
rallado,grated (i.e. cheese)
que' tan lejos?,how far?
habia una vez,once upon a time
trave's,"through (place,object)/;over (time)"
varios-as,several
no pongas palabras en mi boca,don't put words in my mouth
la lucha,fight / struggle
hacer cola,to que up /;to stand in line
vuelta,turn!
el cine,cinema/;movie theatre
contar,to count / to include
aunque,although
con permiso,execuse me
perdo'n,pardon
al lado de ...,beside/next to ...
nadar / nadando,to swim / swimming
esconder,to hide/conceal
el reloj,watch/clock
cantar / cantando,to sing / singing
la frase,sentence (grammer)
el negocio,business
estory aburrido,I'm bored
leal,loyal
aceptar;(ah-sep-tar),to accept
admirar,to admire / respect
el mercado,market
dejar,to leave/;to let go
me vuelves loco,you drive me crazy
el pecado,sin
la mun~eca,doll
sospechar / sospechando,to suspect / suspecting
el/la frente,front / forehead
ocurrir,to occur
siempre,always
nunca,never
la direccio'n,the address
el pico,beak/;summit of mountain
es un hecho conocido,it's a well known fact
ayer,yesterday
hoy,today
man~ana,tomorrow
la broma,joke
no te preocupes,don't worry
estas casada?,are you married?
este lugar es un horno,it's like an oven in here
te mando muchos besos,I'm sending you many kisses
la cama,bed
entretanto/;mientras tanto,(2);meanwhile
que tienes?,what's wrong?
urbano,urban
el jabo'n,soap
la fuerza,force/strength
la llama,flame
en llamas,ablaze
tio/tia,uncle/aunt
primo-a,cousin
pagar,to pay
el caballo,horse
te gusta ir al cine?,do you like to go to the movies?
entonces,then
donde naciste?,where were you born?
naci' en Brasil,I was born in Brazil.
bailar / bailando,to dance / dancing
tarde,evening / late
noche,night
demasiado,too much
la bateria,battery
[in]fiel,[un]faithful
julio,july
agosto,august
septiembre,september
emplear,to use / employ
el librero,bookcase/;book seller
cachondo-a,horny
el lugar,place / position (as in company)
el tatuaje;(ta-too-ah-hay),tattoo
el boli'grapho,ballpoint pen
el coco,coconut
la pin~a,pineapple
el limo'n,lemon/lime
quemar,to burn
no tengo dinero encima,I don't have any money on me
el oso,bear
en general / por lo general,(2);generally
calor (person)/;caliente (thing),hot
picante,spicy
fri'o-a,cold
ma's fri'o que el hielo,as cold as ice
cua'ntos an~os tienes?,how old are you?
el regalo,gift
lavar,to wash
comer,to eat
viejo,old (person/thing)
joven,young
nuevo,new
la pena,pain / shame
el ruido;(roo-wee-doh),noise
la cancio'n,song
juntos,together
pequen~o,small
grande,large
frutos secos,dried fruits
do'nde queda la oficina?,where is the office located?
no es asunto tuyo,it's none of your business
el tipo,type (noun)
la gente,people
dejar de ...,to stop doing ...
las vacaciones,vacation
a primera luz,at dawn
el a'rbol,tree
bombero-a,fireman
las papas fritas,french fries
famosa,famous
visto que,where as/;seeing that
de'me un vaso de agua,give me a glass of water
esta listo-a?,are you ready?
el sol,sun
la luna,moon
al aire libre,in the open air
co'mo se escribe tu nombre?,how do you spell your name?
no tengo ni idea,I don't have any idea
tengo que ir me,I have to go
creer,to believe
el billete;(bee-yet-ay),ticket (e.g. train)
tarjeta de cre'dito,credit card
sue'ltame,let go of me
la piel,skin/;leather (mex.)
el mundo,world
ca'llate,shut up
rozar,to rub/;to border on
a ojos cerrados,blindly
amigos con derechos,friends with benefits
tapar,to cover
"despacio voy, porque de prisa estoy",I'm going slow because I'm in a hurry
lo siento,I'm sorry
celebrar,to celebrate
esta cerca de aqui,it is nearby
por u'ltimo / finalmente,(2)finally (lastly)
por fin / finalmente,(2);finally (at last)
los derechos humanos,human rights
por su cuenta,all by himself
la mantequilla,butter
seda dental,dental floss
vivir / viviendo,to live / living
haber,to have
la lata,can (tin or alum.)
comprar,to buy
la basura,trash
quedar,to stay / remain
la oficina para alquilar un coche,car rental office
venga conmigo,come with me
suen~o,sleep / dream
son~ar / son~ando,to dream / dreaming
yo tambien,me too
yo tampoco,neither do I
la bicicleta,bicycle
la motocicleta,motorcycle
tengo que ...,I have to ...
temprano,early
decidir,to decide
dejeme solo,leave me alone
el pez,fish (animal)
el pescado,fish (food)
suspirar,to sigh
robar,to steal
notar,to notice / to note
la pintura,painting / paint
cuando es tu cumplean~os?,when is your birthday?
unos di'as,a few days
te extran~o mucho,I miss you so much
que sopresa tan agradable,what a pleasant surprise
el paquete,parcel / package
ayudar,to help
desde,since
me molesta,it annoys me/;it bothers me
la duda,doubt (noun)
dudar,to doubt
claro que si/no,off course yes/no
el diamante,diamond
el esto'mago,stomach
tal vez/qiuza's,(2);maybe/perhaps
roncar,to snore
asunto,matter / issue
trabajar,to work
para que ...,so that ...
el coche/carro/auto,(3);car
doler/lastimar/herir,to hurt
piensalo bien antes de responder,think carefully before you answer
la pa'gina,page (book or web)
mi habitacio'n esta al fondo del pasillo,my room is at the end of the corridor
el avio'n,airplane
estricto,strict
sudar,to sweat
aqui' hay gato encerrado,there's something fishy going on here
desarrollar,to develop/;to carry out
abierto de mente,open minded
cerrado de mente,close minded
la mente,the mind
pasado man~ana,day after tomorrow
muy mal,very bad
ma's o menos,"so-so, ok"
guapo-a,handsome
feo-a,ugly
la calle,street
las gafas / los lentes,(2);eyeglasses
celos,jealousy
tener celos,to be jealous
billete de ida y vuelta,round-trip ticket
estoy aqui' de visita,I'm here on a visit
tenemos una hora,we have one hour
una habitacio'n muy oscura,a very dark room
estar pendiente de ...,to await/to wait for (exp.)
peligroso-a,dangerous
que' te gusta hacer?,what do you like to do?
la copa,glass (wine)
el sacrifico,sacrifice
llegar,to arrive
la balanza de cocina,kitchen scales
Estados Unidos,united states
encima,above/over
debajo,below/under
en otros te'rminos,in other words
el sudor,sweat (noun)
enero,january
febrero,february
marzo,march (month)
me gustari'a conocer Australia,I'd like to visit Australia
tener cuidado,to be careful
esperar,to wait
ratero / ladro'n,(2);thief
hacer viaje,to take a trip
estoy cansado,I'm tired
el perro,dog
el gato,cat
la boca,mouth
los ojos,eyes
la oreja,ear
la nariz,nose
cambiar,to change
el equipaje,luggage
a menudo,often
hermano gemelo,twin brother
que hay que hacer,what is there to do
vaya con dios,go with god
[yo] me voy,I'm leaving
[nosotros] nos vamos,we are leaving
haz lo que quieras/has como quieras,(2);do what you want
puedo llevar lo/la,I can take you
es una perdida de tiempo,it's a waste of time
hacer puente,to take a long weekend
queremos comer juntos,we want to eat together
vas a ver,you'll see
deprimido-a,depressed
el matrimonio,marriage
la terapia,therapy
lo'gico,logical
sin querer,accidentally
de colores vivos,colorful
la mochila,backpack
tercermundista,third-world
la verdura/;el vegetal,vegetable (2)
afortunadamente,fortunately
la sopa,soup
el tomate/;jitomate (mex.),(2);tomato
la lechuga,lettuce
el camello,camel
el banco,bank
asi y ya,just like that
la co'moda,dresser
po'ngase co'modo-a,make yourself at home/get comfortable
periodista (m/f),journalist / reporter
el fastidio,"nuisance, bother"
co'modo-a,comfortable
desmayar,to faint
el oriente medio,middle east
especial,special
el truco / la trampa,(2);trick / trap
agresivo-a,aggressive
este/esta,this
ese/esa,that
en el fondo del mar,at the bottom of the sea
el sitio,place/website/taxi-stand
primero,first
u'ltimo,last
fresco-a,fresh / cool
el hombre,man
la mujer,woman
un dia si y otro no,every other day
co'mo no,certainly/why not/sure
me gustaria una fresa,I would like a strawberry
madre,mother
padre,father
hermano-a,brother/sister
sobrino-a,nephew/niece
el paso,passing / step
escuchar,to listen to
sentir,to feel
la escena (es-say-nah),the scene
Alicia en el pais de las maravillas,Alice in wonderland
la vida familiar,family life
la experiencia,experience
quie'n canta esta cancio'n?,who sings this song?
practicar,to practice
que' voy a hacer?,what shall I do?
derecho,straight ahead
acidez de esto'mago,heartburn
el adolescente,adolescent / teenager
cua'l es su ocupacio'n?,what do you do for a living?
la pelicula,movie/film
para que'?,what's the point;(for what)
que duermas bien,sleep well
me gusta ma's el chocolate que las manzanas,I like chocolate more than apples
el vaso,glass (regular cup)
la playa,beach
cierra la puerta,close the door
abrir la puerta,open the door
la pistola,gun
bienvenidos,welcome
voy a ir al grano,I'm going to get straight to the point
el grano,grain / spot / pimple
tanto mejor,so much the better
he visto a jose,I have seen jose
"puedo tener mi cuenta, por favor?","may I have my bill, please?"
echar la casa por la ventana,to go all out on a party
por supuesto,off course
una y otra vez,over and over again
hay viento,it's windy
ensalada de fruta,fruit salad
fruta del tiempo,seasonal fruit
no importa,never mind/;it doesn't matter
echar una siesta/suen~os,to take a nap;(lit: throw a nap)
"ahora no, mas tarde","not now, later"
estar de goma,to have a hangover
demandar,to sue
estar de luto,to be in mourning
alejar,to move away/;to grow apart
la leyenda,legend
la celda,cell (prison/comp.)
el he'roe,hero
cu'anto cuesta una habitacio'n?,how much does a room cost?
quemadura [del sol],sunburn
evaporar,evaporate
leche concentrada,evaporated milk
la misio'n,mission
el mapa,map
alegria,joy / happiness
cafe' solo,black coffee
sin embargo,however / nevertheless
hasta el momento,so far
el secuestro,kidnapping / hijack
el respaldo,backing / support
delincuencia organizada,organized crime
delitos contra la salud,drug crimes
la salud,health / cheers
perseguir,to pursue / prosecute
li'der,leader
aprehender;(ah-prehn-dare),to apprehend
ingeniero-a,engineer
detener,to stop / detain
llaves de la ciudad,keys to the city
el vestuario,costume / wardrobe
el concierto,concert
el bate,bat (baseball)
el murcie'lago,bat (animal)
fascinante,fascinating
la investigacio'n,research
ce'lula madre,stem cell
casa de locos,insane asylum
la portada,title page / front page
durante,during
preso (jail);prisionero (captive),(2);prisoner
al cabo de,after (despues de)/ ~ later
asesino-a,assassin
el muchacho / tipo,(2);guy
el sueldo,salary
invertir,to invest / to reverse
la mejilla,cheek
el codo,elbow
la madrugada,wee hours / dawn
la madrina,maid of honor / godmother
suegro-a,father-in-law / mother-in-law
ojala',hopefully
cualquier cosa,anything
dar,to give
recibir,to receive
discutir,to discuss
contestar / responder,(2);to answer / reply
rechazar,to reject / refuse
denunciar,to report (police);to denounce
opuesto,opposite
la capa,cape / layer
el pingu:ino,penguin
las vacaciones veraniegas,summer vacation
la raya,line / stripe
semestre,half year
aventurero-a,adventurous
culto-a (adj),cultured / refined
tanto tiempo sin verte,long time no see
brillante,brilliant
vanidoso-a / vano-a,(2);vain
el culto (noun),worship / cult
animar,to cheer / encourage
el barril,barrel / draft
una vez y para siempre,once and for all
llevarse una sopresa,to get a surprise
el e'xito,success / hit (music)
tremendo-a,tremendous / enormous
el miembro,member
miembros de la junta,members of the board
cortar,to cut
el eje'rcito,army
el clave,code / key / password
la junta,committee / board
hoy por hoy/;hoy en dia,nowadays / presently
derrotar,to defeat
el milagro,miracle
suplicar,to beg
hora de dormir,bedtime
asqueroso,disgusting
el corte,cut (noun)
la codicia,greed
sombrar,to be shocked / amazed
cordero-a,lamb
cualquiera,any / anyone
apenas (2),as soon as
ganar tiempo,to save time
"llamar al pan pan, y al vino vino",to call a spade a spade
el trimestre,3 months / term
disminuir,to decrease
el desempleo,unemployment
temer,to be afraid (form.)
con tal de que ...,as long as ...
ambos,both
obtener,"to obtain, to get"
aumentar,to increase
eficaz,effective / efficient
el capi'tulo,chapter
accidente mu'ltiple,pile up
asesino en serie / mu'ltiple,(2);serial killer
resen~ar,to review / to report on
el arete,earring
heredar,to inherit
enterrar,to bury
la ley,law / rules
el agrumento,argument
el asiento,seat
la capital,capital (city)
la ficha,token / chip
la niebla,fog
monto'n,loads of / masses of / ton of
calentar,to heat up / warm up
tener el pico de oro,to be eloquent
el ventilador,fan (air)
el tesoro,treasure
la cajuela / la maletera,(2);car trunk
el aeropuerto,airport
el zoolo'gico,zoo
arquitecto-a,architect
la mansio'n,mansion
el documento,document (noun)
el producto;(proh-duke-toe),the product
el nido,the nest
la paloma,dove / pigeon
el guante; (gwan-teh),glove
la guantera,glovebox
la lectura,reading (noun)
lectura o'ptica,optical scanning
la rodilla,knee
concentrar,to concentrate
en carne y hueso,in the flesh
el hueso,bone
voy a cambiarme,I'm going to get changed
afeitar,to shave
acostarse,"to lie down, to go to bed"
cada vez ma's,more and more
cada ves menos,less and less
u'ltimamente,lately
temblar,to tremble / shake
convencer,to convince
el laberinto,labyrinth / maze
la aventura,adventure
la inspiracio'n,inspiration
ahogar,to drown / smother / quell
la posicio'n,position (noun)
aconsejar,to advise
la confusio'n,confusion
fallar,to get wrong / fail
el encuentro,encounter
que te perdone Dios,may God forgive you
luchar / pelear,(2);to fight
la ferreteri'a,hardware store
el martillo,hammer
elegido;(eli-he-doe),the elected / chosen
la estatua;(eh-stat-wah),statue
tener sed,thirsty
el centro comercial,mall
la aran~a,spider
la milla,mile
enfriar,to cool / to go cold
dispuesto,ready / prepared
la alfombra,carpet
la gasolinera,gas station
la maleta / la petaca,(2);suitcase
pesado-a,heavy
el bu'ho,owl
la tonelada,ton (measure)
cazar,to hunt
la grieta,crack (noun)
subir / subiendo,to rise / rising
la concha,shell (noun)
enemigo-a,enemy
la mascota,pet
recoger,to pick up
la infeccio'n,infection
chocolate por la noticia,you don't say! (old news)
la vida nocturna,nightlife
nocturno-a,night/evening (adj)
sano y salvo,safe and sound
salvo,except
estupendo-a,fantastic / wonderful
el helico'ptero,helicopter
el circo,circus
el cuadrado,square
insistir,to insist
"Bueno, si insistes","well, if you insist"
el ci'rculo,circle
el triangulo,triangle
el vocabulario,vocabulary
proponer,to propose / to suggest
la ansiedad,anxiety
el hasti'o,boredom
el desmadre,chaos / utter confusion
olimpiadas,olympics
dia de raya,payday
huele pedos,brown noser
el pedo,fart (noun)
bisabuelo-a,great grandfather/mother
pertenecer,to belong
nombre arti'stico,stage name
cruzar,to cross
nevar,to snow
la obra,work (artists output)/;construction site
pa'gina en obras,page under construction.
el archivo / el fichero,(2);file (noun)
estrechamente relacionado,closely related
el sentido del olfato,the sense of smell
la fecha;(feh-chah),date
la ficha,token / ticket / chip
me olvide' de deci'rtelo.,I forgot to tell you.
Soy un buen tirador,I'm a good shot / marksman
destacado-a,distinguished
semanario,weekly
casa editora,publishing house
el nivel,level (noun)
la recesio'n,recession
la entrevista,interview (noun)
adivinar,to guess
el plazo,period of time
fecha limite,deadline
espero volverte a ver,I hope to see you again
Quie'n pidio la sopa?,who ordered the soup?
hue'rfano,orphan
la mosca,fly (insect)
la hormiga,ant
la hoja,blade/sheet/leaf
acostumbrar,accustomed
causa y efecto,cause and effect
la caricia,caress (noun)
fingir,to pretend
suicidarse;(sway-see-dahr-say),to commit suicide
la jaula,cage
lobo-a,wolf
la ficcio'n,fiction
el trato,treatement / deal
las tijeras,scissors
el hongo/la seta,(2);mushroom
el calendario,calendar
coser,to sew
coser y cantar,easy as pie (exp.)
la oliva,olive
cantante,singer
molino de viento,windmill
la articulacio'n,joint (body)
alitas de pollo,chicken wings
el aceite,oil (cooking)
montan~a rusa,roller coaster
machacar,to crush / to pound
el teclado,keyboard
si dios quiere,god willing
el taman~o,size (noun)
tiene el taman~o de …,it is the size of ..
la hada,fairy
mago-a,wizard / magician
la piedra,stone
el vampiro,vampire
al otro lado de la calle,across the street
el abogado,lawyer
estamos a mano,we are even
padecer,to suffer from
"la ma'scara, el antifaz",mask
el algodo'n,cotton
el pulmo'n,lung
exigir,to demand
tocar bailar (tap dance) con la ma's fea,to draw the short straw
me da vergu:enza/;me da pena,(2);I'm embarrassed
espinacas,spinach
la ballena,whale
entero-a,whole / entire
que hay de postre?,what's for dessert?
cajero [automa'tico],ATM
propio,own (e.g. own house)
enemigo-a jurado-a,sworn enemy
prefiero sentarme a la sombra,I prefer sitting in the shade
gu:ey (hway),dude/jerk
la bandera,flag (noun)
resultar,to turn out
el principio,the beginning
hablando del rey de Roma,speak of the devil
puntual,punctual / detailed
[de eso] ni hablar,That's out of the question
la grasa,fat (food)
insistir,to insist
piedras preciosas,precious stones
funcionario-a,civil servant
obligar,to force; (to do something)
la protei'na,protein
el jurado,jury
el testigo,witness
prometer,to promise
encoger,to shrink / shrug
la falta,mistake / lack / shortage
el cabo / la cuerda,(2);rope
una broma pesada,practicle joke
el carrito,shopping cart
al fin y al cabo,after all / when all's said and done
atar cabos,to put two and two together
cabo suelto,loose end
empezar la casa por el tejado,put the horse before the cart
la gira / jira;(he-rah),tour (noun)
"disculpe me, me equivoce de nu'mero","sorry, I dialed the wrong number"
la intenci'on,intention
repleto,full of / packed
poli'tica exterior,foreign policy
segunda intenci'on,ulterior motive
los seres vivos,living things
harto,"fed up, tired of"
la tonteri'a,"silliness, nonsense"
la noche de brujas,Haloween
ignorar,not to know /; to ignore
co'mo pronuncias _?,how do you pronounce _?
el pan~uelo,handkerchief
el balance,"balance, outcome, toll"
ligero,"light, lightweight, slight"
en el amor y la guerra todo se vale,all is fair in love and war
ha sido un di'a largo,it has been a long day
el fin justifica los medios,the ends justify the means
la manifestacio'n,protest (noun)
la pulga,flee (noun)
la ventaja,advantage
el procedimiento,procedure
la superficie,surface
la campan~a,campaign
la democracia,democracy
la literatura,literature
la poesia,poetry
el remedio,remedy/medicine
la postal,postcard
la prensa,the press
la inversión,investment
la propiedad,property
el diagno'stico;la diagnosis,diagnosis
la presi'on,pressure;(as in blood pressure)
el paciente,patient
el pensamiento,thought
el paisaje,scenary/landscape
la raiz,root
chistes verdes,dirty jokes
la liga,league
el motivo,motive
la propuesta,proposal
el recurso,resource
escaso,scarce
asumir,to assume
el verdugo,executioner
mojigato,prudish/straight-laced
"aqui en china, con dinero baila el perro",money makes the world go 'round
el hijastro-a,step son/daughter
a que te dedicas?,what is your job?
dedicar,to dedicate
el estreno,premiere
pa'lido,pale
el paracai'das (para-kai-eh-das),parachute
el foco,focus/spotlight (stage)
la cerradura,the lock
el cerrajero,locksmith
cubierto,covered (adj)
el rascacielos,skyscraper
el cimiento,foundation (of building)
mutuo,mutual (adj)
dentadura postiza,dentures
los 40 principales,top 40 (music)
a pesar de,in spite of/despite
el tra'fico,traffic (noun)
el estornudo,a sneeze
estornudar,to sneeze
irritar,to irritate
ya estoy harto!,I've had enough!
honestamente,honestly
ahora me lo dices!,Now you tell me!
